id,submitdate,CODE,KL,GymReal,MBGs,KRS,Gruppe,MITTELWERT,TPB_Mittelwert,AT_Mean,AT1,AT2_invert,AT3,AT4,SN_Mean,SN1,SN2,SN3,INT_Mean,INT1,INT2,INT3,PBC_Mean,PBC1,PBC2,B_Mean,B1,B2,B4_invert,B5,B6,B7,B8_invert,B9_invert,B10,PROB1_codiert,PROB2_codiert,PROB3_codiert,PROB4_codiert,PROB5_codiert,PROB6_codiert,PROB7_codiert,lastpage,startlanguage,seed,startdate,datestamp,id_alt,PrimaryFirst,doppelt,fehlend,AT2,B3,B4,B8,B9,L,B3_invert,PROB1,PROB2,PROB3,PROB4,PROB5,PROB6,PROB7,filter_$
3,2023-02-09T08:20:54Z,IUAN06,10,1,0,0,0,1.4285714285714286,1.6333333333333335,2,2,2,3,1,1,1,2,0,1.6666666666666667,1,2,2,2.5,2,3,1,3,0,0,0,3,0,1,2,0,2,5,6,7,4,3,1,9,de,1354371707,2023-02-09T08:09:59Z,2023-02-09T08:20:54Z,NA,1,NA,0,1,2,3,2,1,NA,1,PRB2,PRB5,PRB6,PRB7,PRB4,PRB3,PRB1,0
5,2023-02-09T08:19:40Z,oaia12,10,1,0,0,0,1.6666666666666667,1.8166666666666664,1.75,2,2,2,1,2.6666666666666665,2,3,3,1.3333333333333333,1,2,1,2,2,2,1.3333333333333333,0,1,3,1,2,0,1,2,2,1,5,2,7,3,4,6,9,de,373449335,2023-02-09T08:10:24Z,2023-02-09T08:19:40Z,NA,1,NA,0,1,1,0,2,1,NA,2,PRB1,PRB5,PRB2,PRB7,PRB3,PRB4,PRB6,0
7,2023-02-09T08:22:08Z,EEAS11,10,1,0,0,0,1.2857142857142858,1.461111111111111,2.25,2,2,3,2,1,1,1,1,0.6666666666666666,1,1,0,2.5,2,3,0.8888888888888888,0,2,0,0,2,0,1,3,0,4,2,1,5,3,7,6,9,de,744487741,2023-02-09T08:10:27Z,2023-02-09T08:22:08Z,NA,1,NA,0,1,1,3,2,0,NA,2,PRB4,PRB2,PRB1,PRB5,PRB3,PRB7,PRB6,0
9,2023-02-09T08:20:50Z,AAUE24,10,1,0,0,0,1.7,1.7666666666666668,2.5,2,3,3,2,1,1,1,NA,2,2,2,2,2,2,2,1.3333333333333333,2,1,0,0,2,1,3,2,1,2,1,4,6,3,5,7,9,de,1457338687,2023-02-09T08:10:30Z,2023-02-09T08:20:50Z,NA,1,NA,1,0,2,3,0,1,NA,1,PRB2,PRB1,PRB4,PRB6,PRB3,PRB5,PRB7,0
10,2023-02-09T08:16:19Z,aoae24,10,1,0,0,0,2.65,2.7,3,3,3,3,3,2.3333333333333335,2,2,3,2.6666666666666665,3,3,2,3,3,3,2.5,3,2,2,NA,2,3,2,3,3,4,6,2,3,7,5,1,9,de,62363467,2023-02-09T08:10:32Z,2023-02-09T08:16:19Z,NA,1,NA,1,0,2,1,1,0,NA,1,PRB4,PRB6,PRB2,PRB3,PRB7,PRB5,PRB1,0
11,2023-02-09T08:23:33Z,MAVE01,10,1,0,0,0,1.2857142857142858,1.288888888888889,2.5,2,3,3,2,0,0,0,0,1.3333333333333333,1,2,1,1.5,2,1,1.1111111111111112,0,1,1,2,1,1,1,2,1,2,4,6,7,5,3,1,9,de,714101307,2023-02-09T08:10:32Z,2023-02-09T08:23:33Z,NA,1,NA,0,0,1,2,2,1,NA,2,PRB2,PRB4,PRB6,PRB7,PRB5,PRB3,PRB1,0
13,2023-02-09T08:23:23Z,aern08,10,1,0,0,0,1.4,1.3916666666666666,1.75,2,2,2,1,1,2,1,0,1.3333333333333333,1,2,1,1.5,1,2,1.375,2,1,1,0,3,0,2,2,NA,7,2,4,5,6,1,3,9,de,1593336540,2023-02-09T08:10:44Z,2023-02-09T08:23:23Z,NA,1,NA,1,1,1,2,1,1,NA,2,PRB7,PRB2,PRB4,PRB5,PRB6,PRB1,PRB3,0
16,2023-02-09T08:23:56Z,IEAE04,10,1,0,0,0,1.1904761904761905,1.4166666666666667,1.75,1,3,1,2,1.6666666666666667,1,1,3,1,1,1,1,2,2,2,0.6666666666666666,0,1,0,0,1,0,1,3,0,2,6,1,5,7,4,3,9,de,1654111519,2023-02-09T08:11:08Z,2023-02-09T08:23:56Z,NA,1,NA,0,0,0,3,2,0,NA,3,PRB2,PRB6,PRB1,PRB5,PRB7,PRB4,PRB3,0
19,2023-02-09T08:26:29Z,AAYR16,10,1,0,0,0,1.7619047619047619,1.6833333333333336,1.75,2,0,3,2,1,1,1,1,1.6666666666666667,1,2,2,2,2,2,2,2,1,2,2,3,2,2,2,2,2,4,7,6,3,5,1,9,de,1406143385,2023-02-09T08:11:25Z,2023-02-09T08:26:29Z,NA,1,NA,0,3,2,1,1,1,NA,1,PRB2,PRB4,PRB7,PRB6,PRB3,PRB5,PRB1,0
20,2023-02-09T08:24:15Z,AINI04,10,1,0,0,0,1.3,1.0944444444444446,1.25,1,2,2,0,0.5,1,0,NA,1.6666666666666667,2,2,1,0.5,0,1,1.5555555555555556,0,2,1,1,2,1,2,3,2,5,4,2,6,1,7,3,9,de,513266118,2023-02-09T08:11:48Z,2023-02-09T08:24:15Z,NA,1,NA,1,1,2,2,1,0,NA,1,PRB5,PRB4,PRB2,PRB6,PRB1,PRB7,PRB3,0
21,2023-02-09T08:20:59Z,kooi02,10,1,0,0,0,1.7058823529411764,1.7166666666666663,2,NA,2,2,NA,1.5,1,2,NA,1.3333333333333333,1,2,1,2,2,2,1.75,1,2,1,NA,3,2,2,2,1,6,4,7,2,5,1,3,9,de,1530990112,2023-02-09T08:12:03Z,2023-02-09T08:20:59Z,NA,1,NA,5,1,NA,2,1,1,NA,NA,PRB6,PRB4,PRB7,PRB2,PRB5,PRB1,PRB3,0
22,2023-02-09T08:21:22Z,aöae04,10,1,0,0,0,1.4285714285714286,1.5944444444444443,2.75,3,3,3,2,1,0,3,0,1.3333333333333333,0,2,2,2,2,2,0.8888888888888888,0,2,1,0,3,0,0,2,0,1,2,5,4,6,7,3,9,de,22446275,2023-02-09T08:12:50Z,2023-02-09T08:21:22Z,NA,1,NA,0,0,2,2,3,1,NA,1,PRB1,PRB2,PRB5,PRB4,PRB6,PRB7,PRB3,0
25,2023-02-09T08:36:36Z,euis15,10,1,0,0,0,1.380952380952381,1.4833333333333332,1.25,1,3,1,0,0.6666666666666666,1,1,0,1.6666666666666667,2,2,1,2.5,3,2,1.3333333333333333,0,2,0,0,3,2,2,3,0,2,4,1,3,5,6,7,9,de,535419536,2023-02-09T08:26:52Z,2023-02-09T08:36:36Z,NA,1,NA,0,0,2,3,1,0,NA,1,PRB2,PRB4,PRB1,PRB3,PRB5,PRB6,PRB7,0
26,2023-02-09T08:35:35Z,EÜRA16,10,1,0,0,0,1.2105263157894737,1.2166666666666668,1.6666666666666667,NA,3,2,0,1,2,1,0,0.6666666666666666,0,1,1,1.5,0,3,1.25,0,2,0,0,3,1,2,2,NA,2,5,7,3,1,6,4,9,de,1125618400,2023-02-09T08:26:54Z,2023-02-09T08:35:35Z,NA,1,NA,2,0,0,3,1,1,NA,3,PRB2,PRB5,PRB7,PRB3,PRB1,PRB6,PRB4,0
28,2023-02-09T08:45:15Z,Iian02,10,1,0,0,0,1.3157894736842106,1.1261904761904762,1.75,2,3,1,1,1.3333333333333333,0,1,3,0.3333333333333333,0,1,0,0.5,1,0,1.7142857142857142,0,NA,2,NA,3,3,3,1,0,1,7,4,6,3,5,2,9,de,1015547483,2023-02-09T08:26:56Z,2023-02-09T08:45:15Z,NA,1,NA,2,0,1,1,0,2,NA,2,PRB1,PRB7,PRB4,PRB6,PRB3,PRB5,PRB2,0
29,2023-02-09T08:42:04Z,EUEA04,10,1,0,0,0,0.45,0.49444444444444446,0.25,1,0,0,0,0.3333333333333333,1,0,0,0.3333333333333333,0,0,1,1,1,NA,0.5555555555555556,0,0,0,1,2,0,0,1,1,1,3,2,7,6,5,4,9,de,1982413084,2023-02-09T08:26:57Z,2023-02-09T08:42:04Z,NA,1,NA,1,3,1,3,3,2,NA,2,PRB1,PRB3,PRB2,PRB7,PRB6,PRB5,PRB4,0
30,2023-02-09T08:34:58Z,LOAN20,10,1,0,0,0,2.4444444444444446,2.5,2,2,2,2,2,2,2,2,NA,3,NA,3,3,3,3,3,2.5,3,3,1,2,3,3,NA,3,2,2,4,6,3,1,7,5,9,de,443402785,2023-02-09T08:26:59Z,2023-02-09T08:34:58Z,NA,1,NA,4,1,NA,2,NA,0,NA,NA,PRB2,PRB4,PRB6,PRB3,PRB1,PRB7,PRB5,0
31,2023-02-09T08:37:28Z,UHEE10,10,1,0,0,0,1.9047619047619047,1.9388888888888889,2.25,2,3,2,2,2.3333333333333335,2,3,2,1.3333333333333333,1,2,1,2,2,2,1.7777777777777777,3,1,1,3,2,1,2,2,1,2,6,1,4,5,3,7,9,de,627717246,2023-02-09T08:27:04Z,2023-02-09T08:37:28Z,NA,1,NA,0,0,3,2,1,1,NA,0,PRB2,PRB6,PRB1,PRB4,PRB5,PRB3,PRB7,0
33,2023-02-09T08:41:00Z,MOAN29,10,1,0,0,0,1.736842105263158,1.5952380952380953,2,2,3,2,1,1,1,1,1,1.3333333333333333,1,2,1,1.5,1,2,2.142857142857143,3,1,1,NA,3,2,2,3,NA,2,4,5,6,3,7,1,9,de,88326964,2023-02-09T08:27:13Z,2023-02-09T08:41:00Z,NA,1,NA,2,0,2,2,1,0,NA,1,PRB2,PRB4,PRB5,PRB6,PRB3,PRB7,PRB1,0
34,2023-02-09T08:43:13Z,UEAA11,10,1,0,0,0,1.7142857142857142,1.65,2.75,3,3,3,2,1,1,2,0,1.3333333333333333,1,2,1,1.5,1,2,1.6666666666666667,2,1,2,2,3,1,1,2,1,4,1,3,5,7,6,2,9,de,1086006462,2023-02-09T08:27:13Z,2023-02-09T08:43:13Z,NA,1,NA,0,0,2,1,2,1,NA,1,PRB4,PRB1,PRB3,PRB5,PRB7,PRB6,PRB2,0
40,2023-02-09T08:38:38Z,AIAE03,10,1,0,0,0,1.894736842105263,1.975,2.25,2,3,2,2,1,1,1,NA,2,2,2,2,3,3,3,1.625,3,1,0,1,3,0,2,3,NA,6,2,4,5,3,1,7,9,de,1778147112,2023-02-09T08:27:22Z,2023-02-09T08:38:38Z,NA,1,NA,2,0,3,3,1,0,NA,0,PRB6,PRB2,PRB4,PRB5,PRB3,PRB1,PRB7,0
42,2023-02-09T08:41:29Z,OEIA19,10,1,0,0,0,2.45,2.5166666666666666,3,3,3,3,3,1.6666666666666667,3,1,1,2.6666666666666665,3,3,2,3,3,3,2.25,3,NA,0,1,3,3,3,2,3,4,5,2,6,1,3,7,9,de,1057965013,2023-02-09T08:28:14Z,2023-02-09T08:41:29Z,NA,1,NA,1,0,1,3,0,1,NA,2,PRB4,PRB5,PRB2,PRB6,PRB1,PRB3,PRB7,0
43,2023-02-09T08:41:39Z,eAbe23,10,1,0,0,0,1.263157894736842,1.2785714285714285,1.75,1,3,2,1,0.6666666666666666,2,0,0,1.3333333333333333,1,2,1,1.5,1,2,1.1428571428571428,1,NA,1,0,2,1,0,3,NA,5,3,1,6,7,2,4,9,de,1579094576,2023-02-09T08:28:22Z,2023-02-09T08:41:39Z,NA,1,NA,2,0,1,2,3,0,NA,2,PRB5,PRB3,PRB1,PRB6,PRB7,PRB2,PRB4,0
44,2023-02-09T08:39:53Z,OIRA30,10,1,0,0,0,2.2,2.3111111111111113,3,3,3,3,3,2.5,3,2,NA,1.6666666666666667,2,2,1,2.5,2,3,1.8888888888888888,1,2,0,2,3,1,3,3,2,4,1,6,2,7,5,3,9,de,1612030774,2023-02-09T08:28:54Z,2023-02-09T08:39:53Z,NA,1,NA,1,0,2,3,0,0,NA,1,PRB4,PRB1,PRB6,PRB2,PRB7,PRB5,PRB3,0
45,2023-02-09T08:48:36Z,aene19,10,1,0,0,0,1.5,1.4,2.25,2,3,2,2,0.3333333333333333,0,1,0,0.6666666666666666,0,2,0,2,2,2,1.75,NA,1,0,1,3,2,3,3,1,2,4,5,6,1,3,7,9,de,1524792608,2023-02-09T08:30:06Z,2023-02-09T08:48:36Z,NA,1,NA,1,0,1,3,0,0,NA,2,PRB2,PRB4,PRB5,PRB6,PRB1,PRB3,PRB7,0
46,2023-02-09T08:38:19Z,OUHR03,10,1,0,0,0,1.9523809523809523,1.8222222222222222,2.5,2,3,3,2,1,2,1,0,2,2,2,2,1.5,2,1,2.111111111111111,3,2,0,2,3,1,3,3,2,6,4,2,3,5,1,7,9,de,751231271,2023-02-09T08:30:36Z,2023-02-09T08:38:19Z,NA,1,NA,0,0,1,3,0,0,NA,2,PRB6,PRB4,PRB2,PRB3,PRB5,PRB1,PRB7,0
47,2023-02-09T08:43:46Z,liae21,10,1,0,0,0,1.8333333333333333,1.8095238095238095,2,2,2,3,1,0,0,0,NA,2.3333333333333335,2,3,2,3,3,3,1.7142857142857142,3,3,0,NA,3,0,2,1,NA,2,6,5,3,7,4,1,9,de,1794221006,2023-02-09T08:30:43Z,2023-02-09T08:43:46Z,NA,1,NA,3,1,3,3,1,2,NA,0,PRB2,PRB6,PRB5,PRB3,PRB7,PRB4,PRB1,0
48,2023-02-09T08:39:47Z,Aaaa8,10,1,0,0,0,1.5,1.5555555555555556,2.6666666666666665,3,3,2,NA,0.3333333333333333,1,0,0,1.3333333333333333,1,2,1,2,2,2,1.4444444444444444,1,2,1,0,2,2,1,3,1,2,4,3,1,6,7,5,9,de,209272447,2023-02-09T08:30:45Z,2023-02-09T08:39:47Z,NA,1,NA,1,0,1,2,2,0,NA,2,PRB2,PRB4,PRB3,PRB1,PRB6,PRB7,PRB5,0
49,2023-02-09T08:42:08Z,OAUA41,10,1,0,0,0,1.5,1.7,3,NA,3,3,NA,0,0,0,0,2,NA,2,NA,2,2,2,1.5,2,0,0,1,1,2,3,3,NA,2,4,1,7,5,3,6,9,de,1658176451,2023-02-09T08:30:46Z,2023-02-09T08:42:08Z,NA,1,NA,5,0,2,3,0,0,NA,1,PRB2,PRB4,PRB1,PRB7,PRB5,PRB3,PRB6,0
50,2023-02-09T08:42:50Z,OEAE16,10,1,0,0,0,1.5,1.5583333333333331,2.25,2,3,3,1,0.6666666666666666,0,2,0,1,0,2,1,2.5,2,3,1.375,0,1,0,NA,3,3,1,3,0,1,5,2,6,7,3,4,9,de,700823015,2023-02-09T08:30:54Z,2023-02-09T08:42:50Z,NA,1,NA,1,0,0,3,2,0,NA,3,PRB1,PRB5,PRB2,PRB6,PRB7,PRB3,PRB4,0
51,2023-02-09T08:38:13Z,ALEL06,10,1,0,0,0,1.9,1.7833333333333337,2.25,3,2,2,2,2,3,1,2,1.6666666666666667,1,3,1,1,1,1,2,2,2,2,NA,3,1,2,2,2,4,2,6,1,5,3,7,9,de,932466757,2023-02-09T08:30:55Z,2023-02-09T08:38:13Z,NA,1,NA,1,1,2,1,1,1,NA,1,PRB4,PRB2,PRB6,PRB1,PRB5,PRB3,PRB7,0
52,2023-02-09T08:38:09Z,UAUN00,10,1,0,0,0,2.2857142857142856,2.2888888888888888,3,3,3,3,3,1.6666666666666667,2,1,2,2.6666666666666665,2,3,3,2,2,2,2.111111111111111,2,3,1,1,3,1,3,3,2,4,7,2,6,1,5,3,9,de,1705791788,2023-02-09T08:31:01Z,2023-02-09T08:38:09Z,NA,1,NA,0,0,3,2,0,0,NA,0,PRB4,PRB7,PRB2,PRB6,PRB1,PRB5,PRB3,0
53,2023-02-09T08:38:41Z,NNEE08,10,1,0,0,0,2.4210526315789473,2.433333333333333,2.75,2,3,3,3,2.6666666666666665,3,2,3,2,1,3,NA,2.5,2,3,2.25,3,2,0,2,3,3,2,3,NA,3,4,6,1,5,7,2,9,de,1759028448,2023-02-09T08:31:02Z,2023-02-09T08:38:41Z,NA,1,NA,2,0,3,3,1,0,NA,0,PRB3,PRB4,PRB6,PRB1,PRB5,PRB7,PRB2,0
54,2023-02-09T08:40:10Z,AIMN34,10,1,0,0,0,1.5263157894736843,1.4666666666666668,3,NA,3,3,NA,1,1,1,1,1.6666666666666667,2,1,2,0,0,0,1.6666666666666667,3,3,2,0,2,2,0,3,0,2,5,4,6,7,1,3,9,de,67554150,2023-02-09T08:31:34Z,2023-02-09T08:40:10Z,NA,1,NA,2,0,2,1,3,0,NA,1,PRB2,PRB5,PRB4,PRB6,PRB7,PRB1,PRB3,0
55,2023-02-09T08:46:56Z,auls08,10,1,0,0,0,1,0.9666666666666666,1.5,1,3,2,0,0.6666666666666666,2,0,0,0.6666666666666666,0,1,1,1,1,1,1,0,0,1,0,2,0,3,2,1,2,5,6,4,1,3,7,9,de,838172561,2023-02-09T08:32:43Z,2023-02-09T08:46:56Z,NA,1,NA,0,0,0,2,0,1,NA,3,PRB2,PRB5,PRB6,PRB4,PRB1,PRB3,PRB7,0
56,2023-02-09T08:42:08Z,OBIA21,10,1,0,0,0,0.09523809523809523,0.04444444444444444,0,0,0,0,0,0,0,0,0,0,0,0,0,0,0,0,0.2222222222222222,0,0,0,0,2,0,0,0,0,2,1,5,3,7,6,4,9,de,1191785684,2023-02-09T08:33:11Z,2023-02-09T08:42:08Z,NA,1,NA,0,3,0,3,3,3,NA,3,PRB2,PRB1,PRB5,PRB3,PRB7,PRB6,PRB4,0
57,2023-02-09T10:10:34Z,AEUE10,9,2,0,0,0,1.35,1.2333333333333332,1.25,1,1,2,1,0.3333333333333333,1,0,0,1.3333333333333333,0,2,2,1.5,2,1,1.75,1,NA,0,0,3,3,3,3,1,2,7,5,6,1,4,3,9,de,1859865952,2023-02-09T09:57:18Z,2023-02-09T10:10:34Z,NA,1,NA,1,2,1,3,0,0,NA,2,PRB2,PRB7,PRB5,PRB6,PRB1,PRB4,PRB3,0
59,2023-02-09T10:08:23Z,OCSR02,9,2,0,0,0,1.619047619047619,1.6,2,2,3,2,1,1,1,1,1,1.3333333333333333,1,2,1,2,2,2,1.6666666666666667,1,2,2,1,2,1,3,2,1,4,1,7,6,2,3,5,9,de,288469971,2023-02-09T09:57:38Z,2023-02-09T10:08:23Z,NA,1,NA,0,0,2,1,0,1,NA,1,PRB4,PRB1,PRB7,PRB6,PRB2,PRB3,PRB5,0
60,2023-02-09T10:11:11Z,Oala05,9,2,0,0,0,0.8823529411764706,0.8714285714285713,1.3333333333333333,1,NA,2,1,0.6666666666666666,0,1,1,0.5,0,NA,1,1,1,1,0.8571428571428571,1,0,1,1,1,0,NA,2,NA,6,5,2,4,7,3,1,9,de,440337632,2023-02-09T09:57:39Z,2023-02-09T10:11:11Z,NA,1,NA,4,NA,1,2,NA,1,NA,2,PRB6,PRB5,PRB2,PRB4,PRB7,PRB3,PRB1,0
61,2023-02-09T10:12:22Z,AAOI00,9,2,0,0,0,2.1052631578947367,2.1928571428571426,2.75,3,3,3,2,1.6666666666666667,2,1,2,2.3333333333333335,2,3,2,2.5,2,3,1.7142857142857142,3,2,2,0,NA,1,2,2,NA,4,6,5,2,3,7,1,9,de,7548638,2023-02-09T09:57:41Z,2023-02-09T10:12:22Z,NA,1,NA,2,0,0,1,1,1,NA,3,PRB4,PRB6,PRB5,PRB2,PRB3,PRB7,PRB1,0
62,2023-02-09T10:12:42Z,euhs11,9,2,0,0,0,1.95,1.9833333333333336,2.5,3,2,3,2,2,2,1,3,1.6666666666666667,2,2,1,2,2,2,1.75,2,1,0,2,3,2,2,2,NA,4,6,5,2,3,1,7,9,de,723643777,2023-02-09T09:57:47Z,2023-02-09T10:12:42Z,NA,1,NA,1,1,1,3,1,1,NA,2,PRB4,PRB6,PRB5,PRB2,PRB3,PRB1,PRB7,0
63,2023-02-09T10:12:19Z,Araa13,9,2,0,0,0,1.6111111111111112,1.5095238095238095,2,1,3,2,2,0.5,0,1,NA,1.3333333333333333,1,2,1,2,2,2,1.7142857142857142,3,2,1,NA,1,0,2,3,NA,2,6,4,7,3,5,1,9,de,231752173,2023-02-09T09:58:06Z,2023-02-09T10:12:19Z,NA,1,NA,3,0,1,2,1,0,NA,2,PRB2,PRB6,PRB4,PRB7,PRB3,PRB5,PRB1,0
65,2023-02-09T10:10:24Z,atae40,9,1,0,0,0,1.1428571428571428,1.1888888888888887,1.5,2,3,1,0,1.3333333333333333,1,0,3,2.3333333333333335,2,3,2,0,0,0,0.7777777777777778,0,0,1,1,0,0,1,2,2,2,3,7,1,5,4,6,9,de,1424514359,2023-02-09T09:58:21Z,2023-02-09T10:10:24Z,NA,1,NA,0,0,0,2,2,1,NA,3,PRB2,PRB3,PRB7,PRB1,PRB5,PRB4,PRB6,0
66,2023-02-09T10:10:13Z,UAAS03,9,2,0,0,0,0.3157894736842105,0.2111111111111111,0.5,NA,NA,1,0,0,0,0,0,0,0,0,0,0,0,0,0.5555555555555556,0,0,0,0,0,0,3,2,0,1,6,2,3,5,7,4,9,de,155159912,2023-02-09T09:58:49Z,2023-02-09T10:10:13Z,NA,1,NA,2,NA,0,3,0,1,NA,3,PRB1,PRB6,PRB2,PRB3,PRB5,PRB7,PRB4,0
67,2023-02-09T10:09:54Z,ULEI14,9,2,0,0,0,1.5238095238095237,1.5277777777777777,1.75,1,2,2,2,1,2,1,0,1.3333333333333333,2,1,1,2,2,2,1.5555555555555556,0,2,1,1,3,2,2,2,1,1,4,2,6,5,3,7,9,de,420642299,2023-02-09T09:58:51Z,2023-02-09T10:09:54Z,NA,1,NA,0,1,3,2,1,1,NA,0,PRB1,PRB4,PRB2,PRB6,PRB5,PRB3,PRB7,0
70,2023-02-09T11:59:32Z,oöae07,9,1,0,0,0,2.2,2.3666666666666667,2.75,3,3,3,2,2,2,1,3,2.3333333333333335,2,3,2,3,3,3,1.75,0,2,1,NA,2,1,3,2,3,2,4,6,1,3,7,5,9,de,361872726,2023-02-09T11:46:39Z,2023-02-09T11:59:32Z,NA,1,NA,2,0,NA,2,0,1,NA,NA,PRB2,PRB4,PRB6,PRB1,PRB3,PRB7,PRB5,0
71,2023-02-09T11:57:53Z,Eari15,9,1,0,0,0,2.1,2.15,2.75,2,3,3,3,0.6666666666666666,1,1,0,2.3333333333333335,2,3,2,3,3,3,2,2,3,2,NA,3,0,3,1,2,4,2,6,5,3,7,1,9,de,2057574128,2023-02-09T11:46:46Z,2023-02-09T11:57:53Z,NA,1,NA,1,0,1,1,0,2,NA,2,PRB4,PRB2,PRB6,PRB5,PRB3,PRB7,PRB1,0
72,2023-02-09T12:01:08Z,Eler07,9,1,0,0,0,1.9523809523809523,1.9444444444444442,2.5,2,3,3,2,1.3333333333333333,1,1,2,2,2,2,2,2,2,2,1.8888888888888888,2,2,1,1,2,2,3,2,2,4,1,2,6,3,5,7,9,de,1736661731,2023-02-09T11:47:03Z,2023-02-09T12:01:08Z,NA,1,NA,0,0,1,2,0,1,NA,2,PRB4,PRB1,PRB2,PRB6,PRB3,PRB5,PRB7,0
73,2023-02-09T11:59:42Z,meae28,9,1,0,0,0,2.2857142857142856,2.4611111111111112,2.75,3,2,3,3,2.3333333333333335,2,2,3,2.3333333333333335,2,3,2,3,3,3,1.8888888888888888,2,2,1,1,3,2,2,2,2,4,5,2,6,3,7,1,9,de,429868002,2023-02-09T11:47:07Z,2023-02-09T11:59:42Z,NA,1,NA,0,1,1,2,1,1,NA,2,PRB4,PRB5,PRB2,PRB6,PRB3,PRB7,PRB1,0
74,2023-02-09T12:02:31Z,aoan37,9,1,0,0,0,2,2.0999999999999996,3,3,3,3,3,2,2,2,2,1.3333333333333333,1,2,1,2.5,3,2,1.6666666666666667,1,2,1,1,2,1,2,3,2,2,4,5,3,6,1,7,9,de,1893232338,2023-02-09T11:47:08Z,2023-02-09T12:02:31Z,NA,1,NA,0,0,0,2,1,0,NA,3,PRB2,PRB4,PRB5,PRB3,PRB6,PRB1,PRB7,0
76,2023-02-09T12:06:16Z,VIEE04,9,1,0,0,0,1.7777777777777777,1.7761904761904763,2,1,3,2,2,1.5,NA,2,1,1.6666666666666667,2,2,1,2,2,2,1.7142857142857142,1,1,1,NA,3,2,3,1,NA,4,2,3,7,6,5,1,9,de,1778093197,2023-02-09T11:47:10Z,2023-02-09T12:06:16Z,NA,1,NA,3,0,2,2,0,2,NA,1,PRB4,PRB2,PRB3,PRB7,PRB6,PRB5,PRB1,0
77,2023-02-09T12:03:47Z,aeae46,9,1,0,0,0,2.4444444444444446,2.4023809523809527,2.75,3,3,3,2,1.5,2,1,NA,2.3333333333333335,1,3,3,3,3,3,2.4285714285714284,NA,1,2,2,3,3,3,NA,3,4,2,5,6,1,7,3,9,de,732504515,2023-02-09T11:47:10Z,2023-02-09T12:03:47Z,NA,1,NA,3,0,0,1,0,NA,NA,3,PRB4,PRB2,PRB5,PRB6,PRB1,PRB7,PRB3,0
78,2023-02-09T11:59:56Z,AROA01,9,1,0,0,0,0.9375,1.075,2,NA,2,2,NA,0,0,0,0,1.5,1,NA,2,1,NA,1,0.875,0,0,1,1,2,0,1,2,NA,2,4,1,3,5,6,7,9,de,989722967,2023-02-09T11:47:11Z,2023-02-09T11:59:56Z,NA,1,NA,5,1,0,2,2,1,NA,3,PRB2,PRB4,PRB1,PRB3,PRB5,PRB6,PRB7,0
80,2023-02-09T12:04:16Z,Iäui23,9,1,0,0,0,1.3157894736842106,1.338888888888889,1.75,3,0,3,1,1.5,2,1,NA,1.3333333333333333,1,2,1,1,NA,1,1.1111111111111112,1,1,0,1,2,0,1,2,2,2,4,5,1,6,3,7,9,de,1277727523,2023-02-09T11:47:27Z,2023-02-09T12:04:16Z,NA,1,NA,2,3,2,3,2,1,NA,1,PRB2,PRB4,PRB5,PRB1,PRB6,PRB3,PRB7,0
81,2023-02-09T12:01:24Z,TLAE31,9,1,0,0,0,1.9411764705882353,1.7666666666666668,2.5,2,3,3,2,0.5,1,0,NA,2.3333333333333335,3,2,2,1.5,2,1,2,NA,2,3,NA,3,0,2,2,NA,4,2,6,7,1,3,5,9,de,16445202,2023-02-09T11:47:53Z,2023-02-09T12:01:24Z,NA,1,NA,4,0,0,0,1,1,NA,3,PRB4,PRB2,PRB6,PRB7,PRB1,PRB3,PRB5,0
83,2023-02-09T11:59:01Z,elie22,9,1,0,0,0,2.1578947368421053,2.1238095238095243,2.5,3,3,3,1,1.6666666666666667,1,3,1,1.6666666666666667,2,2,1,2.5,2,3,2.2857142857142856,3,2,1,NA,3,3,1,3,NA,2,4,6,3,1,5,7,9,de,316583399,2023-02-09T11:48:06Z,2023-02-09T11:59:01Z,NA,1,NA,2,0,3,2,2,0,NA,0,PRB2,PRB4,PRB6,PRB3,PRB1,PRB5,PRB7,0
0,2023-05-08T08:26:06Z,IOII12,8,2,1,0,1,0.8095238095238095,0.6722222222222223,0.75,1,0,2,0,0,0,0,0,1,0,1,2,0.5,1,0,1.1111111111111112,0,2,0,2,2,1,2,1,0,4,1,2,7,6,3,5,9,de,1672000505,2023-05-08T08:11:49Z,2023-05-08T08:26:06Z,8,1,NA,0,3,1,3,1,2,NA,2,PRB4,PRB1,PRB2,PRB7,PRB6,PRB3,PRB5,1
68,2023-02-09T10:11:05Z,AROE16,9,2,1,0,1,1.1111111111111112,1.0523809523809524,1.3333333333333333,NA,3,1,0,0,0,0,0,1,1,1,1,1.5,1,2,1.4285714285714286,0,2,1,NA,1,1,2,3,NA,2,4,5,1,3,6,7,9,de,307853274,2023-02-09T09:58:51Z,2023-02-09T10:11:05Z,NA,1,1,3,0,1,2,1,0,NA,2,PRB2,PRB4,PRB5,PRB1,PRB3,PRB6,PRB7,1
79,2023-02-09T11:58:49Z,EIAN05,9,1,1,0,1,1.3333333333333333,1.411111111111111,1.5,2,2,2,0,1,2,0,1,1.3333333333333333,1,2,1,2,2,2,1.2222222222222223,0,0,3,0,2,1,2,3,0,1,4,2,5,7,3,6,9,de,1622947379,2023-02-09T11:47:17Z,2023-02-09T11:58:49Z,NA,1,1,0,1,1,0,1,0,NA,2,PRB1,PRB4,PRB2,PRB5,PRB7,PRB3,PRB6,1
85,2023-05-08T08:26:25Z,AOR16,11,1,1,0,1,1.65,1.7666666666666664,1.5,2,2,2,0,0.6666666666666666,1,0,1,2,2,2,NA,3,3,3,1.6666666666666667,0,3,0,0,3,1,2,3,3,2,4,1,3,5,6,7,9,de,960839954,2023-05-08T08:11:30Z,2023-05-08T08:26:25Z,3,1,NA,1,1,0,3,1,0,NA,3,PRB2,PRB4,PRB1,PRB3,PRB5,PRB6,PRB7,1
86,2023-05-08T08:26:06Z,NMLR51,8,2,1,0,1,0.8095238095238095,0.6722222222222223,0.75,1,0,2,0,0,0,0,0,1,0,1,2,0.5,1,0,1.1111111111111112,0,2,0,2,2,1,2,1,0,4,1,2,7,6,3,5,9,de,1369047045,2023-05-08T08:11:41Z,2023-05-08T08:26:06Z,4,1,NA,0,3,0,3,1,2,NA,3,PRB4,PRB1,PRB2,PRB7,PRB6,PRB3,PRB5,1
89,2023-05-08T08:21:06Z,LIEB14,11,1,1,0,1,1.55,1.3916666666666666,2.25,2,3,2,2,0,0,0,0,1.3333333333333333,1,2,1,1.5,1,2,1.875,3,1,1,NA,2,1,3,3,1,2,4,6,5,7,1,3,9,de,2097712322,2023-05-08T08:11:48Z,2023-05-08T08:21:06Z,7,1,NA,1,0,1,2,0,0,NA,2,PRB2,PRB4,PRB6,PRB5,PRB7,PRB1,PRB3,1
93,2023-05-08T08:23:11Z,HEIA06,7,2,1,0,1,2.0952380952380953,1.9833333333333332,2.25,1,3,3,2,1.3333333333333333,2,1,1,2,2,2,2,2,2,2,2.3333333333333335,3,3,1,2,3,3,2,2,2,4,1,2,7,6,3,5,9,de,1167543381,2023-05-08T08:11:56Z,2023-05-08T08:23:11Z,11,1,NA,0,0,2,2,1,1,NA,1,PRB4,PRB1,PRB2,PRB7,PRB6,PRB3,PRB5,1
94,2023-05-08T08:24:27Z,AbCd13,7,1,1,0,1,2.3,2.275,3,3,3,3,3,0.3333333333333333,1,0,0,2.6666666666666665,2,3,3,3,3,3,2.375,3,3,2,NA,3,3,1,3,1,4,6,1,5,3,7,2,9,de,1318196894,2023-05-08T08:12:00Z,2023-05-08T08:24:27Z,12,1,NA,1,0,1,1,2,0,NA,2,PRB4,PRB6,PRB1,PRB5,PRB3,PRB7,PRB2,1
95,2023-05-08T08:24:14Z,Eira20,11,1,1,0,1,1.9523809523809523,1.8833333333333333,2.75,3,3,3,2,1.3333333333333333,1,2,1,1.3333333333333333,1,2,1,2,2,2,2,3,2,1,1,3,1,3,3,1,4,2,5,6,3,1,7,9,de,1616887200,2023-05-08T08:12:01Z,2023-05-08T08:24:14Z,13,1,NA,0,0,2,2,0,0,NA,1,PRB4,PRB2,PRB5,PRB6,PRB3,PRB1,PRB7,1
103,2023-05-08T08:22:22Z,IALE07,9,1,1,0,1,1.6842105263157894,1.6916666666666664,2,3,3,0,2,1,1,1,NA,1.3333333333333333,1,2,1,2.5,3,2,1.625,0,3,1,0,2,1,3,3,NA,4,2,6,7,1,3,5,9,de,81068867,2023-05-08T08:12:07Z,2023-05-08T08:22:22Z,21,1,NA,2,0,2,2,0,0,NA,1,PRB4,PRB2,PRB6,PRB7,PRB1,PRB3,PRB5,1
107,2023-05-08T08:24:28Z,Dome13,7,1,1,0,1,1.9,2.0333333333333337,3,3,3,3,3,0.3333333333333333,1,0,0,2.3333333333333335,2,3,2,3,3,3,1.5,0,3,0,NA,2,0,3,3,1,4,6,1,5,2,7,3,9,de,392839974,2023-05-08T08:12:21Z,2023-05-08T08:24:28Z,25,1,NA,1,0,2,3,0,0,NA,1,PRB4,PRB6,PRB1,PRB5,PRB2,PRB7,PRB3,1
109,2023-05-08T08:22:54Z,Leis26,7,2,1,0,1,2.238095238095238,2.072222222222222,2.75,3,3,3,2,1.3333333333333333,2,1,1,2.3333333333333335,2,3,2,1.5,1,2,2.4444444444444446,3,2,1,3,3,2,2,3,3,4,1,2,7,6,3,5,9,de,20249879,2023-05-08T08:12:27Z,2023-05-08T08:22:54Z,27,1,NA,0,0,2,2,1,0,NA,1,PRB4,PRB1,PRB2,PRB7,PRB6,PRB3,PRB5,1
110,2023-05-08T08:23:06Z,nooe10,9,1,1,0,1,2.15,2.15,2.5,3,3,2,2,1,0,1,2,2,2,2,2,3,3,3,2.25,1,2,1,2,3,3,3,3,NA,2,4,5,6,7,3,1,9,de,1214119816,2023-05-08T08:12:32Z,2023-05-08T08:23:06Z,28,1,NA,1,0,1,2,0,0,NA,2,PRB2,PRB4,PRB5,PRB6,PRB7,PRB3,PRB1,1
113,2023-05-08T08:22:03Z,AAIR13,8,1,1,0,1,1.2105263157894737,1.1666666666666665,1.3333333333333333,NA,2,1,1,0,0,0,0,1,2,1,0,2,2,2,1.5,0,0,1,2,3,1,2,3,NA,2,5,1,4,7,3,6,9,de,1293581324,2023-05-08T08:12:36Z,2023-05-08T08:22:03Z,31,1,NA,2,1,0,2,1,0,NA,3,PRB2,PRB5,PRB1,PRB4,PRB7,PRB3,PRB6,1
115,2023-05-08T08:27:34Z,Ueis16,7,1,1,0,1,1.6470588235294117,1.6533333333333335,3,3,3,3,3,3,3,3,3,0.6666666666666666,0,1,1,1,0,2,0.6,0,2,0,NA,NA,0,1,NA,NA,2,5,4,6,1,3,7,9,de,2118028636,2023-05-08T08:12:38Z,2023-05-08T08:27:34Z,33,1,NA,4,0,0,3,2,NA,NA,3,PRB2,PRB5,PRB4,PRB6,PRB1,PRB3,PRB7,1
120,2023-05-08T08:28:32Z,MBRN49,7,1,1,0,1,1.85,1.8916666666666664,2.5,2,3,3,2,1.3333333333333333,2,1,1,2,2,2,2,2,2,2,1.625,2,1,0,1,3,2,2,2,NA,2,4,3,5,6,7,1,9,de,39901054,2023-05-08T08:12:59Z,2023-05-08T08:28:32Z,38,1,NA,1,0,1,3,1,1,NA,2,PRB2,PRB4,PRB3,PRB5,PRB6,PRB7,PRB1,1
121,2023-05-08T08:27:27Z,oiur17,11,1,1,0,1,1.8888888888888888,1.6785714285714284,2.25,2,3,2,2,1,NA,1,1,2,2,2,2,1,1,1,2.142857142857143,2,2,NA,NA,3,0,3,3,2,2,4,3,5,6,1,7,9,de,2111421666,2023-05-08T08:13:02Z,2023-05-08T08:27:27Z,39,1,NA,3,0,2,NA,0,0,NA,1,PRB2,PRB4,PRB3,PRB5,PRB6,PRB1,PRB7,1
122,2023-05-08T08:28:32Z,Mcla12,7,1,1,0,1,2,1.9666666666666663,2.5,2,3,3,2,1.3333333333333333,2,1,1,2,2,2,2,2,2,2,2,3,1,0,1,3,3,3,2,NA,5,2,4,3,6,1,7,9,de,83002582,2023-05-08T08:13:06Z,2023-05-08T08:28:32Z,40,1,NA,1,0,1,3,0,1,NA,2,PRB5,PRB2,PRB4,PRB3,PRB6,PRB1,PRB7,1
123,2023-05-08T08:26:48Z,anoe01,11,1,1,0,1,2,2.1277777777777778,2.75,3,3,3,2,2,2,3,1,2.3333333333333335,2,3,2,2,2,2,1.5555555555555556,3,2,2,0,2,2,0,2,1,2,4,3,1,5,7,6,9,de,1346190875,2023-05-08T08:13:09Z,2023-05-08T08:26:48Z,41,1,NA,0,0,1,1,3,1,NA,2,PRB2,PRB4,PRB3,PRB1,PRB5,PRB7,PRB6,1
6,2023-02-09T08:21:53Z,iöia39,10,1,1,1,2,2.526315789473684,2.55,2.25,2,2,3,2,2,2,2,NA,3,3,3,3,3,3,3,2.5,3,3,NA,3,3,1,2,2,3,4,6,3,2,7,1,5,9,de,737317853,2023-02-09T08:10:26Z,2023-02-09T08:21:53Z,NA,1,NA,2,1,3,NA,1,1,NA,0,PRB4,PRB6,PRB3,PRB2,PRB7,PRB1,PRB5,1
8,2023-02-09T08:20:56Z,aaia13,11,1,1,1,2,1.8095238095238095,1.9277777777777778,2.25,2,3,2,2,1,1,0,2,2.3333333333333335,2,3,2,2.5,2,3,1.5555555555555556,3,0,1,0,3,0,3,2,2,2,4,3,6,7,1,5,9,de,676875381,2023-02-09T08:10:30Z,2023-02-09T08:20:56Z,NA,1,1,0,0,2,2,0,1,NA,1,PRB2,PRB4,PRB3,PRB6,PRB7,PRB1,PRB5,1
14,2023-02-09T08:22:14Z,ANOA23,11,1,1,1,2,1.619047619047619,1.6277777777777778,2.25,2,3,2,2,0.6666666666666666,1,1,0,1.6666666666666667,2,2,1,2,2,2,1.5555555555555556,0,1,1,2,3,1,3,2,1,4,2,6,3,1,7,5,9,de,1044771510,2023-02-09T08:10:46Z,2023-02-09T08:22:14Z,NA,1,1,0,0,1,2,0,1,NA,2,PRB4,PRB2,PRB6,PRB3,PRB1,PRB7,PRB5,1
15,2023-02-09T08:20:11Z,IAAN07,10,1,0,1,2,2.3333333333333335,2.466666666666667,2.5,1,3,3,3,2.3333333333333335,3,2,2,3,3,3,3,2.5,2,3,2,3,2,0,2,3,2,2,2,2,2,6,4,3,7,1,5,9,de,552808754,2023-02-09T08:10:50Z,2023-02-09T08:20:11Z,NA,1,NA,0,0,2,3,1,1,NA,1,PRB2,PRB6,PRB4,PRB3,PRB7,PRB1,PRB5,0
17,2023-02-09T08:21:30Z,ACOA01,10,1,1,1,2,2.5714285714285716,2.638888888888889,2.75,2,3,3,3,2,3,3,0,3,3,3,3,3,3,3,2.4444444444444446,3,2,1,2,3,3,2,3,3,3,6,2,4,5,7,1,9,de,1086094148,2023-02-09T08:11:11Z,2023-02-09T08:21:30Z,NA,1,1,0,0,2,2,1,0,NA,1,PRB3,PRB6,PRB2,PRB4,PRB5,PRB7,PRB1,1
18,2023-02-09T08:24:25Z,oaul17,11,1,0,1,2,2,2.05,2.25,2,3,2,2,1,1,1,1,2,2,2,2,3,3,3,2,0,2,2,2,3,2,2,2,3,4,1,3,2,6,7,5,9,de,619700852,2023-02-09T08:11:18Z,2023-02-09T08:24:25Z,NA,1,NA,0,0,3,1,1,1,NA,0,PRB4,PRB1,PRB3,PRB2,PRB6,PRB7,PRB5,0
24,2023-02-09T08:37:08Z,OOAE06,10,1,0,1,2,1.380952380952381,1.261111111111111,1.75,2,3,2,0,0.6666666666666666,1,1,0,1.3333333333333333,1,2,1,1,1,1,1.5555555555555556,2,3,1,1,1,0,3,3,0,1,2,3,4,7,5,6,9,de,67086777,2023-02-09T08:26:51Z,2023-02-09T08:37:08Z,NA,1,NA,0,0,1,2,0,0,NA,2,PRB1,PRB2,PRB3,PRB4,PRB7,PRB5,PRB6,0
27,2023-02-09T08:36:43Z,IAAS01,10,1,0,1,2,0.8571428571428571,0.75,0.75,0,3,0,0,1,0,0,3,1,3,0,0,0,0,0,1,0,2,2,0,3,1,1,0,0,1,2,3,7,5,6,4,9,de,665594289,2023-02-09T08:26:54Z,2023-02-09T08:36:43Z,NA,1,NA,0,0,0,1,2,3,NA,3,PRB1,PRB2,PRB3,PRB7,PRB5,PRB6,PRB4,0
32,2023-02-09T08:36:42Z,meen02,10,1,1,1,2,2.142857142857143,2.15,2.75,3,3,3,2,1.6666666666666667,2,2,1,2.3333333333333335,2,3,2,2,2,2,2,1,3,1,1,3,2,2,2,3,4,3,2,6,5,7,1,9,de,1142386434,2023-02-09T08:27:08Z,2023-02-09T08:36:42Z,NA,1,1,0,0,2,2,1,1,NA,1,PRB4,PRB3,PRB2,PRB6,PRB5,PRB7,PRB1,1
35,2023-02-09T08:45:03Z,HÖAE09,10,1,0,1,2,1.9523809523809523,1.972222222222222,2.75,3,3,2,3,1.6666666666666667,2,2,1,1.6666666666666667,1,3,1,2,2,2,1.7777777777777777,3,1,1,2,2,1,2,2,2,4,2,5,1,6,3,7,9,de,2095067151,2023-02-09T08:27:15Z,2023-02-09T08:45:03Z,NA,1,NA,0,0,2,2,1,1,NA,1,PRB4,PRB2,PRB5,PRB1,PRB6,PRB3,PRB7,0
36,2023-02-09T08:45:04Z,ECAA08,10,1,1,1,2,2.4761904761904763,2.5333333333333337,3,3,3,3,3,2,3,1,2,2.3333333333333335,2,3,2,3,3,3,2.3333333333333335,3,2,2,3,3,3,2,2,1,5,4,2,1,3,7,6,9,de,560380022,2023-02-09T08:27:17Z,2023-02-09T08:45:04Z,NA,1,1,0,0,3,1,1,1,NA,0,PRB5,PRB4,PRB2,PRB1,PRB3,PRB7,PRB6,1
37,2023-02-09T08:38:17Z,ARAL04,10,1,0,1,2,2,1.9166666666666665,2.75,3,3,3,2,1.3333333333333333,2,1,1,2,2,2,2,1.5,1,2,2,1,3,0,3,2,0,3,3,3,2,4,5,6,1,3,7,9,de,589909124,2023-02-09T08:27:17Z,2023-02-09T08:38:17Z,NA,1,NA,0,0,2,3,0,0,NA,1,PRB2,PRB4,PRB5,PRB6,PRB1,PRB3,PRB7,0
38,2023-02-09T08:47:50Z,UEIE02,10,1,0,1,2,2.2857142857142856,2.1222222222222222,3,3,3,3,3,1.3333333333333333,2,1,1,2.3333333333333335,2,3,2,1.5,2,1,2.4444444444444446,3,2,1,2,3,3,3,3,2,4,5,2,1,6,3,7,9,de,1747549867,2023-02-09T08:27:19Z,2023-02-09T08:47:50Z,NA,1,NA,0,0,1,2,0,0,NA,2,PRB4,PRB5,PRB2,PRB1,PRB6,PRB3,PRB7,0
39,2023-02-09T08:36:56Z,IETN00,10,1,0,1,2,2.3333333333333335,2.3944444444444444,2.75,3,3,3,2,1.3333333333333333,2,1,1,2.6666666666666665,3,3,2,3,3,3,2.2222222222222223,1,1,2,3,3,2,3,2,3,4,2,1,6,5,3,7,9,de,1968579201,2023-02-09T08:27:19Z,2023-02-09T08:36:56Z,NA,1,NA,0,0,2,1,0,1,NA,1,PRB4,PRB2,PRB1,PRB6,PRB5,PRB3,PRB7,0
58,2023-02-09T10:09:12Z,AAUN06,9,2,0,1,2,1.4210526315789473,1.5583333333333333,2.3333333333333335,2,3,2,NA,1,1,0,2,1.3333333333333333,1,2,1,2,1,3,1.125,0,NA,0,0,2,1,3,2,1,6,2,3,5,4,1,7,9,de,221121927,2023-02-09T09:57:36Z,2023-02-09T10:09:12Z,NA,1,NA,2,0,0,3,0,1,NA,3,PRB6,PRB2,PRB3,PRB5,PRB4,PRB1,PRB7,0
64,2023-02-09T10:08:51Z,Yuii04,9,2,0,1,2,1.8333333333333333,1.825,1.75,2,2,2,1,1.5,2,1,NA,2,2,2,NA,2,2,2,1.875,3,2,0,NA,2,2,2,3,1,4,2,3,5,6,7,1,9,de,1846829950,2023-02-09T09:58:13Z,2023-02-09T10:08:51Z,NA,1,NA,3,1,0,3,1,0,NA,3,PRB4,PRB2,PRB3,PRB5,PRB6,PRB7,PRB1,0
82,2023-02-09T12:02:51Z,ARHE05,9,1,1,1,2,2.05,2.0166666666666666,2.75,2,3,3,3,1,2,1,0,2.3333333333333335,2,3,2,2,1,3,2,3,2,2,NA,2,1,0,3,3,4,2,1,6,3,5,7,9,de,1010618658,2023-02-09T11:48:05Z,2023-02-09T12:02:51Z,NA,1,1,1,0,2,1,3,0,NA,1,PRB4,PRB2,PRB1,PRB6,PRB3,PRB5,PRB7,1
98,2023-02-09T08:21:21Z,IALR06,10,1,1,1,2,1.8888888888888888,1.807142857142857,1.75,2,2,3,0,1.3333333333333333,1,1,2,1.6666666666666667,1,2,2,2,NA,2,2.2857142857142856,1,3,2,NA,3,1,3,3,NA,4,2,6,1,5,3,7,9,de,5274416,2023-05-08T08:12:05Z,2023-05-08T08:23:01Z,16,1,NA,4,1,NA,1,0,0,NA,NA,PRB4,PRB2,PRB6,PRB1,PRB5,PRB3,PRB7,1
112,2023-05-08T08:21:55Z,ROAL17,9,1,1,1,2,2.35,2.1416666666666666,2.5,2,3,3,2,0.6666666666666666,2,0,0,2.6666666666666665,2,3,3,2,2,2,2.875,3,2,3,3,3,3,3,3,NA,2,4,3,7,5,6,1,9,de,2074606833,2023-05-08T08:12:35Z,2023-05-08T08:21:55Z,30,1,NA,1,0,3,0,0,0,NA,0,PRB2,PRB4,PRB3,PRB7,PRB5,PRB6,PRB1,1
116,2023-05-08T08:23:25Z,ADAR01,9,1,1,1,2,2.45,2.575,2.75,3,2,3,3,2.3333333333333335,3,1,3,2.6666666666666665,3,3,2,3,3,3,2.125,3,2,1,0,3,3,3,2,NA,4,2,5,3,6,7,1,9,de,1040671993,2023-05-08T08:12:43Z,2023-05-08T08:23:25Z,34,1,NA,1,1,1,2,0,1,NA,2,PRB4,PRB2,PRB5,PRB3,PRB6,PRB7,PRB1,1
